Age,Income,Spending Score
25.74507122951685,30.894468400870707,72.02786170602816
24.792603548243225,31.401961315920587,77.00312488523113
25.97153280715104,32.70762810793819,80.02621849859092
27.284544784612038,32.634505130087256,80.2349029688237
24.648769937914995,26.555826580107272,77.74967264260378
24.648794564576228,27.65543740021219,83.11424966173749
27.368819223261088,31.28758816802165,74.66189785308703
26.151152093729362,31.284464877280524,79.28810257489353
24.295788421097573,31.28761921576512,80.60147815855949
25.813840065378947,39.6318287266368,82.57219417029374
24.304873460781305,31.427226276732917,83.55807439044445
24.301405369644616,32.8389141004515,74.37678954081065
25.36294340734905,32.385004408733,72.32942914632189
22.130079633013302,31.628478128264494,86.38838410949255
22.41262325123045,29.211826888399138,81.66157005989795
24.15656870613854,31.89742305123317,76.25756731721724
23.480753319498366,28.06793696365607,87.75575987761262
25.471370998892912,29.407953483149978,80.57837317146429
23.637963886718182,28.78659113042724,85.89648592031914
22.88154444799706,30.204685348465805,80.33759240705055
27.19847315338233,35.786646416683766,90.30373962440993
24.661335549270195,25.33183701852063,88.77670421221602
25.101292307031887,31.715650475936283,78.75517925760464
22.862877720679815,25.96821032202587,84.85785475477178
24.183425913212226,28.820170335526416,83.22687974792574
25.166383884564798,32.72237649241841,86.84315778766174
23.273509633866546,30.160700047738658,75.17538269709948
25.563547027518506,27.305638055176736,83.43025729999219
24.099041965121792,28.211740726850078,85.29212243424794
24.562459375310084,31.69899437233669,71.20630256788442
24.097440081655904,28.174083420707156,74.08370743667112
27.778417276763406,30.54114647395494,69.8038391111995
24.979754162893098,30.113929599759533,78.65296582777721
23.413433606566148,28.370999130985457,83.58771127897981
26.233817368154785,35.35986022331331,87.51178526048014
23.168734525043465,31.584797555795028,80.37047390209888
25.313295392507133,24.937143533355982,88.14307772785646
22.060494814180338,30.46613578692357,73.09949270892554
23.007720926652354,28.34553383807903,71.48308780322422
25.295291853803686,32.13108333699056,79.72226150551691
26.107699869993116,28.018698153918248,81.92032724469654
25.257052421784955,29.713158896332754,79.83652625952953
24.82652757641764,31.262468197451145,69.66278949980062
24.548344456616068,32.1643879854253,79.55439980243605
22.78221701444886,26.99925898236056,73.47765249747573
23.920233687407936,29.16374691039763,83.3483627441502
24.30904184356032,28.81263672209761,81.83299123048424
26.585683339328373,28.366676918565723,75.30060106836322
25.51542743435269,34.41363560070274,77.43066541331653
22.3554397669559,31.01245427740239,74.70393239055524
25.48612595409219,26.84779011416239,79.68660451363414
24.422376579375523,32.29465486763694,84.77571160250619
23.98461699954106,35.30539049253158,75.07136976832228
25.917514433261303,32.581163151377865,82.52023257758923
26.546499283743927,26.201575085114968,77.3487119081378
26.396920178674296,28.78941481783437,76.03563583868828
23.741173715166042,33.16727787296656,79.46484820022721
24.536181436223178,28.230826335953047,74.82378838790314
25.496895147105345,31.109548570365572,77.23175347326409
26.46331769068354,31.93658513357334,74.01061053705575
24.281238643232065,27.68267382105479,89.82362566458195
24.721511535004275,29.8511866098455,80.17631775985865
23.34049753899096,21.89683164982732,76.50137246003708
23.205690063878993,27.439030896664278,81.0698995536711
26.218788733591296,29.3685796215171,79.43835975154585
27.034360042856235,26.88054204508788,78.89515200233389
24.8919848176295,34.08102825982909,83.07083350021712
26.505299346838036,26.424646555098416,83.78753855023652
25.542454037571453,28.89988878325754,77.34749426194736
24.032320368092314,30.32685144321523,77.1209087967766
25.54209340826262,33.603183222665294,78.62474151424178
27.307054849698954,26.4103446220514,68.49039417632207
24.946260941335073,32.9079093803874,72.42404468900725
27.34696548372101,30.02558265254897,86.83437133722262
21.070382343865383,27.546228372380124,88.22483856750642
26.232853756562836,31.155258685658175,78.75481980221811
25.130570602357256,30.497649238933676,82.88278481527882
24.5514889743012,28.499457807103013,81.55625077271768
25.137641164803252,30.174505212475047,95.3944040422762
22.01864662809866,29.0367160078456,85.59787455717289
24.670492168243733,30.28379336312812,79.36041204259617
25.53566885726762,31.65532668630262,75.22229779699788
27.216841067112274,33.965042040363386,71.96776839871214
24.22259467258953,26.905461252932877,81.01731817933612
23.787259595660217,35.33258343664066,76.21824627357849
24.247364434623194,25.119780501193745,72.88873145201163
26.373103176553112,29.62053726241104,76.76713557878736
25.493126664489527,31.47079301621144,74.59225998192802
24.205359694349443,30.70247966933758,88.43570817536282
25.769901149670034,28.443251200448515,84.40819878474726
25.14561632402206,29.479694374106813,79.96013679341691
26.452967485799334,28.76749766335292,87.39972069445012
23.94692035918397,28.526588107639473,80.38684153823809
24.508506780103346,32.12400524255256,75.69357899335868
24.411837770301762,30.892538714912618,87.61562038634828
22.80472757780182,28.267726011848364,82.69455021842329
25.444180415596865,32.248999688583126,74.81376922836772
25.391582908269832,30.768248802191522,79.04830660958196
25.00767018496369,32.032155297097404,75.62190873307621
24.648119299937278,31.57407210480903,73.08600134517832
22.87694388692438,27.92751247269482,84.63088773765821
24.36903201585196,28.59954739950758,89.54708320235065
24.485928225209847,31.868234012808156,73.00716213090429
23.79658409616757,31.52592566358366,82.81484618345286
24.758071432500987,29.947746015089628,76.74678715439086
25.606076285221807,30.293318458271955,77.56437308117651
27.829278851815793,33.19416223947106,77.03803037880566
25.26186671924776,28.521071527910426,75.68004615160092
25.386325586084148,31.367743452925094,80.24260813972414
24.88833112635075,29.494518368915266,75.84524941794481
22.12184317705144,29.455796991931948,81.3522841288992
24.960229186826176,32.74694212996798,79.74880945275432
25.09034531491154,32.06354087247008,78.80525976566796
28.694863168727927,32.03377409000159,75.462181689792
24.711458552828315,33.263697017885825,77.11614334715834
25.45232101350042,30.052509604081898,83.77695612912878
24.947932345442133,31.70488242823741,82.5045859381219
23.246982943570703,29.22433310851636,75.11222377600724
26.714234221772532,30.810415881221108,80.49666152714613
26.12789954903016,29.67464236408079,83.75693561685894
26.18654792056457,30.242489912481798,71.65297359439315
23.63591881780789,31.487892563592283,82.71680096189968
27.10419146640415,27.95444829191632,76.68688120527077
22.89722340581158,35.23096818921365,82.8529933429658
25.880285640700407,27.484956546250746,76.18370421728741
28.28568343871497,26.964528468030668,70.9755894966774
23.514195512303967,32.895277183750174,71.86228781058419
24.150553405595844,31.979156734907342,80.24042473330691
25.14947704763146,31.56029954263039,81.2986125086074
24.244786518825702,31.570863773160703,75.47841687447796
22.674004853400803,29.969383067882713,83.19296229388686
25.102844462209042,27.75686407128542,71.6923996886552
23.406544429410843,30.189511395484313,79.66960100676341
25.710388645952772,28.30709572121972,73.94491900118771
23.620863648649294,32.437799333544376,76.7408194609892
27.324901607526307,29.632356546244655,80.23699335658208
23.825120061495646,27.93625700801872,75.69793317358024
24.516907725691485,29.196535395867514,78.07722227885087
26.220275826054504,31.032328635689062,85.0314640460722
23.153703525349066,28.590688617990065,77.11554065238425
25.341189901906194,27.944449011083922,84.1784605603257
26.960714131423643,30.60921802872978,74.35146572671191
22.58877514815816,30.61241642777181,82.64902088957642
25.276950787798455,28.732642061572175,87.2078431032895
25.389824191372636,28.822404235954192,67.64177749936356
26.172734307665966,30.58012484339409,76.01552372264761
23.144573933682878,26.37978914625669,82.8853606359027
23.019315080373584,26.481340564058613,78.98477306978504
25.782912348425345,28.20388944686891,81.85572936685655
25.44547700984978,29.46638212072038,76.9800740664209
25.375739275518814,30.777268913995012,80.4329489373645
25.519672314245465,33.68839054237388,79.2216138230396
23.979962917632264,32.14414905800505,85.83891030829903
25.348380545741506,29.60015367509143,81.27210421650607
25.439608709948022,29.952459480243277,81.68801331037601
23.928472872960448,27.493676588405478,77.94061516938767
27.798661766717135,29.95371716001903,77.56196887963753
25.71074938136768,29.278353402699654,77.8372090609019
23.213044754196027,30.806796400845226,81.97226071189148
25.984830412950746,27.931922641119193,77.89507759589868
23.537977494659017,31.29836628560293,81.44887428448206
26.18062690561368,33.831847282506445,90.37700399322719
26.737893368511106,29.72809962885786,84.35562351715846
23.768976522472435,31.004279305247355,78.3698823391608
26.445064193866482,31.725359979277783,86.00606961081972
25.619171390404748,28.996948820285407,77.95962313489224
26.233090239991736,30.56023120452604,69.80937732411073
27.84518947398092,30.031481001954486,74.95956844541298
24.631917825995693,30.24419024637208,70.64604039487072
23.869395753463767,28.067475540361336,78.24243257979346
23.665728355561715,30.061275435647357,80.09209189594776
23.77628457255184,31.244995728113622,88.38218656137641
24.884347435878844,33.6278590194876,81.63463686882082
25.511727962224967,32.39817706521302,78.90449735595568
25.41503619899503,35.38295614377889,84.14702790591744
26.240774873554034,28.081631092779876,68.94432345496057
25.019502837816862,32.180801591801696,81.17807279054283
27.180301115735976,30.458355014345877,83.85432596943484
24.603014750143068,35.47450733304418,72.60706877110078
29.080253749884427,27.97925428661212,85.71877021603464
25.93850102164751,27.90069539454806,81.69248203747208
23.714263665375576,28.501518386389943,77.923560430496
23.39366125290833,24.690260689225486,83.16390933053142
25.723708622864777,28.6856124457981,91.35346428902199
24.664805822011225,28.102168346115754,80.90933127529247
26.07100074113814,30.37598446619052,81.24110293150169
25.709856436860317,30.8543899394429,77.70319550229878
24.890756631014693,34.69042709803971,75.75077815267605
23.729809422897393,32.37605959546512,84.15167908272123
22.7277291629712,28.557740860843992,75.71958087045566
24.330227571899467,27.753963321629104,80.35783118609696
26.28459819148521,31.229797928766263,77.61171276617442
25.321140616195304,26.699416982448394,82.39489912873196
23.131391831932017,34.57864691463589,81.66831052643474
25.259771388776773,32.94860030180322,85.18769972128949
25.577976069593255,28.827060869738236,77.44991800572626
23.6742138456983,25.717163677272804,78.65062532353315
25.230587658918292,33.384680935413535,75.10618142108846
25.087313077669,29.713650386868455,77.77853369961944
23.285544553254066,33.09454077993365,81.88650246522425
46.89247154161338,64.69141902987998,60.49516577439502
42.69458668955593,57.419776358913126,56.93475262184577
47.17401480026415,60.48060388470492,50.447227774401306
48.38909464701238,57.68862355647479,45.1479741672082
46.03358725805925,57.82751886283842,55.23667485210193
49.691989531395166,58.454139382656805,52.95114039066312
43.06552700224107,61.110668858168566,56.713949150207995
41.88836324172146,57.60625689168261,54.763788512614774
40.553199377739304,66.2787806278676,57.871645364895016
48.74011077872296,55.52696348890248,45.98573591329574
46.63591414088514,59.0656417791932,59.88045549225744
44.861038322723864,57.801344708629124,51.481997035193
45.69992156579955,67.23488942176866,65.56445654468949
42.18627738175406,60.98277388255787,44.831091364328245
51.11437994904207,65.15922269734318,63.019728523739374
45.32305295493807,52.57219813481514,51.48433087596986
45.27348698651223,61.33525132934629,45.114364972891636
46.81441655974673,64.44815397811719,46.37085624459259
46.20252307934178,60.41141994637712,47.5973951885426
45.55971006069783,65.32740187532676,53.18124459801437
43.02381386138672,57.41355774949814,53.92126616026625
46.17867089283999,67.04673720092791,45.69724997046066
49.705061241187586,71.49449061809625,49.81734055804263
48.36355011538745,58.1858071978017,66.06702768958897
48.98296656659849,57.77248739299614,62.95657377575533
43.721960808922034,67.2669223855885,53.27242752255524
42.52598794935355,67.89786072865355,50.2850260862615
44.68553269975088,57.38569986423366,50.90023495038696
45.13931228072174,57.89906591452072,54.601384795478126
47.73547879617737,58.59107695569746,42.32905576101196
40.76883842571295,53.27774744482861,48.06967596932491
48.823875798651535,55.40674026757901,37.485619445918076
44.604980253552526,54.97929616623966,52.99417341953959
43.93279732513145,56.16101217447936,54.85396954777056
42.46973906184958,59.82657556306609,46.376101532754696
40.862858320335576,61.1710736626826,61.80490072467525
47.057926459904785,67.75250246407037,40.80675752748244
45.18329491797101,55.00822979630605,39.01718839842635
41.77509775064736,64.92161199238292,51.68338863919979
41.76230306984096,58.93005577887246,57.85323726959116
44.16053825177468,59.752681451737836,62.629457685934014
49.17255381322348,63.37409746083302,46.55836802848295
44.35102162159099,54.386389892188504,58.09010625073472
41.242142617204735,61.91204873092025,49.71118647874469
44.385642339785136,60.83226104106528,48.705295250443854
44.31819107563082,62.462256320040744,56.62744953115004
38.25778339264607,61.44584321953909,54.892421588100646
44.86426283370547,72.27650069955448,38.17705882261813
44.42266367447831,56.81130007874342,61.07405262294422
46.740515912033544,57.34501522499092,60.35068515610588
49.62239023736336,56.88429736787618,45.30827973867853
47.81641257386939,57.22261440419873,52.96852650078057
44.32777827361292,56.81306436346741,53.70522639712054
42.23368522814582,65.94508265553776,51.9550532436793
51.43339950812465,67.10252123994927,45.87271134615935
45.14804608503622,57.146268531252616,44.96282474046461
45.03482322978237,55.838222134478855,49.80834446756416
44.939687282224995,62.35707778193202,58.79546764444524
45.49521190191964,57.23888477859514,54.07700115945824
44.63909897019014,63.164659088777555,47.220392509354205
43.56584498279941,61.0146151042565,55.78774032986259
43.63285264689902,52.42127942501384,28.635930345274435
44.91811682446001,67.73752600665031,58.61574275279078
43.641438072165585,68.97938836547762,36.95214665916426
43.21788554330709,56.93605654757807,47.28169293947651
45.26607556922974,58.061492200320075,41.60247579030392
44.36255695644786,61.429326953624525,40.289888932093206
48.75998247145672,61.67228394993513,58.706200905338896
38.37257547901747,63.29272136336415,46.492240990160816
47.72876712980616,70.05102269383175,52.59877911298037
48.11521298124407,59.11526386252976,49.64809565840612
39.816524418979625,56.008513777307726,53.57780620417341
44.14328101479913,53.10340385992736,50.57616418295191
44.07139783501052,56.3453498002904,40.37755831858573
41.48122076320545,59.83436513563102,57.472001145853554
43.05545828102281,68.97278931758893,46.29682562629016
42.22356038633543,57.41194350481914,38.32563576005187
49.38067610855906,61.11893975819449,46.78913629275566
47.33919598286865,59.91788551963624,61.25569842975733
48.1788877374854,65.94196636724041,56.3766630658512
46.80418016010809,72.63466212936811,47.38510899194105
42.17737057195693,57.3456561353984,47.380567217611784
43.688699334300566,57.552802787408886,47.58773711586963
46.2234364030698,65.22080438534536,65.57560987670631
41.944680477770135,63.409457448131555,52.86451589173665
46.78249607543097,69.23353662868017,53.22531235393302
44.399186504604664,62.919640926629825,57.727125905238815
44.06294798112601,58.203539546064704,51.79091869269885
46.77739992050873,62.95327415346155,48.057183906344726
46.1106582787151,65.54351790291453,48.52737613186266
44.0975845854523,64.10241090598682,49.46299055439452
47.89832450841062,62.53637015553649,49.72083322617619
42.297341681000255,65.33337344794577,55.45722157727735
46.53983901736066,65.84647795222837,50.389594143554746
46.48275314492096,66.91079495518764,55.49480057911684
44.22613390171502,63.24354943794821,49.394625649185635
45.815332555605295,59.16440959841572,50.58976392737068
41.872216059036745,60.733568432166614,35.0134948660092
47.31006754801725,66.03254483254179,56.872457560268614
44.53774465889253,55.91532164506382,52.598663569234944
43.693192448702405,61.84336654436451,57.48507582394739
47.62252306459222,58.0333059383632,28.27808466354733
43.2391407736431,60.143724114674086,65.66281028585546
41.4788467590911,66.3922593130365,48.9530777888362
41.10842706619024,60.95549534009952,58.31137112553137
46.5150248783641,60.23218274078074,42.20070554655852
41.798926618759296,53.200719295100406,54.59580428796927
49.386985454960914,63.731267830136105,42.09938327619758
39.79517648029069,63.22742090570537,45.32173279478146
49.241140920725094,70.8162736165273,64.3552351540009
45.527543668006544,58.461108825234994,48.5698819942749
44.75821722032402,61.09575163831969,51.630746548847924
43.63770228297763,61.246918418553776,56.525507980165656
45.99784028588018,67.88726639881737,53.717614159794536
44.90591324393788,59.52352233806524,51.128141788576826
47.7582547050413,61.39510762885169,52.73720751849669
45.2855691216551,63.0394825485827,68.02561688928706
45.375754403654696,60.933045615781786,49.56785902224811
44.090969469465364,57.76783192724736,51.50824285036226
44.85763594069733,60.97044996449154,57.87990797005709
45.76950442223015,65.36815874929886,58.29144449718488
40.72457901835843,54.8674235029447,58.90272729170285
41.62953644473572,60.664848370734376,54.79047666521888
46.858160235056786,56.499395925304135,41.42746315452138
45.427163595319854,65.97523314462421,62.25073649225822
44.5400416591183,52.38406547608113,41.40240955235984
45.04608483266348,57.20539076364206,52.26976598929275
45.86895426340418,61.8860593753226,44.342931124854815
43.650600799226595,67.8276201461717,49.51896240055255
43.05423818649422,59.67124869463506,52.4657180772761
45.4896131377442,57.224002366534,52.41017911587705
42.55406805596242,69.40578534720295,53.164405656764636
46.02063188928618,52.75993049791878,62.102834517939854
40.743540989405396,49.005970216899584,53.40150726135485
47.57288909331411,62.200072250266665,48.168825235320135
46.181493706032605,57.489728878236946,57.23065376216268
45.64007433578469,54.89383591434643,58.9210286669348
47.456727459863785,63.541782236496765,40.792941386472556
49.163686111156444,61.219003568855996,54.480500523873935
47.535925162545325,57.17960684631636,55.25879556733174
40.39781442167089,53.59847800664553,47.76827372480006
41.80105758316075,64.36228664140073,60.31780109983715
43.4379535557608,63.251005889793305,48.87458309725605
45.065227625527086,59.50412068110309,50.941823401036565
46.294147551172806,69.23318498023832,48.701961317870975
43.185640467116336,54.64957616836924,50.116842856861005
45.4669169111927,52.372374145376305,41.77793684828599
43.111542669116695,56.54045965059378,39.199618380542795
43.47120549252013,59.77206991822251,61.95878797418729
41.483347257879444,61.216697246613464,43.64778988761254
42.69191688472274,58.79381971071835,42.5645573790777
41.62078848595917,61.76027698257148,33.849574147972135
42.560316867556665,53.74230287904778,45.207786892328734
47.6341044915196,67.2188230203663,40.076826549443766
42.626502777920145,59.58924410803716,62.31511370102277
51.580955162093474,65.58647915794064,57.57362817006975
46.23329475220223,61.713626731888525,44.838872411167074
45.46209030923718,62.283766095768925,66.89326854008232
42.854105549546965,62.848836401161016,57.363241152436956
46.75077469852248,62.23854280008657,47.56376462368533
43.56090543440556,63.21361379933772,31.254457138448203
45.3050245366134,66.64576265066216,67.18206929443056
51.400211345671984,60.982605848507355,39.57820649927303
44.75985025068837,63.54501878794257,37.659509397823314
47.873183315714186,59.55132152856387,57.6692782400723
43.242058937185284,67.20058607724737,68.29814304754454
44.91252877375759,56.61803848970365,60.38204613882888
49.427001589088775,69.00470216455408,54.2293184003927
43.432582355530585,59.79921024677828,54.460657562489644
49.531121394992326,52.84612448940976,56.40061669085231
46.76937983863869,60.64052207455395,55.69196442340074
43.59383306026433,56.5947417126256,52.10893567977032
46.5810193476388,64.20321774494361,50.78150827963907
47.431386124066826,56.73688010348805,49.530551540753585
46.55452490554299,57.7690828339261,44.34526558349993
41.07443820027386,50.552296345272346,47.894936923499195
43.18215706043783,57.73846840375462,37.30282389353461
44.38120341112124,47.88060336685522,49.26245279903937
44.813916427249886,52.08048588257138,42.58556669636812
46.551680243876696,63.80207328072149,41.72308012088172
45.444252502333136,63.92900079325416,51.34920613365109
41.66163910322474,62.12728780892483,60.4400171475845
45.95049462751491,55.165119284353935,56.88737454501735
46.526464363209556,59.7614432192901,38.22124547282617
46.3994761198276,59.98198730454716,42.57778897572247
47.70195181388655,54.20817655403729,57.05578390991162
47.08480538637226,67.51699150883576,42.63134454846268
46.14795019807109,64.38681145287836,48.315251375022314
44.82458572135338,58.89517913085169,54.12539074268414
40.84759766621002,60.134429194972654,42.737416588522734
46.07404554783147,61.04191403973776,50.7903162960947
45.519219217907775,49.79132565787855,39.99480878811347
45.67894709298843,58.76411308739702,45.4897426703659
41.80812856044923,56.590078760011004,52.39836450606903
42.29735864897934,54.99189995052542,38.05254699851248
47.63288213333226,58.594498535570224,53.303560534702996
44.901112115358366,68.98843263424762,49.85271650804989
46.70375174343156,63.204214306335054,54.14367465812861
45.07079594032615,57.144105051086015,51.67935600548496
45.074390348739364,62.86291390678079,60.23105322480383
35.25044900529581,82.14816762988546,68.1710355889516
34.141188917749496,94.02489564395465,83.74876419148185
35.244595006064564,98.89278115997249,63.54035820875465
36.08659605807278,95.392149829988,62.00807993349746
35.09772014065141,97.47035764354362,65.17256477817968
35.081183382407765,84.32403683572905,60.466713917412875
33.596016624386486,79.33641999943617,71.22670315994796
33.6741981648981,101.26000238966616,86.2467845846956
32.19478945640061,87.57990120868398,73.23079273116029
38.49915348637388,88.11875237658714,67.47646497873713
32.51227352921743,99.96145606386794,67.08188731084456
33.61418960440818,94.17172507050495,54.36809191303343
33.563185468861604,93.41915829061206,78.83109777147159
36.78984875388888,106.23751758675813,69.22162802987198
34.410100643415944,85.17361327214893,68.19520086409375
37.49548414534747,96.95880096060928,100.0
33.65301875151226,90.42759843672813,72.98752908365687
35.55798832444761,92.01444209147442,62.48208949904816
33.32930589348049,101.46351319809399,65.73642403794457
39.29029825554677,93.80876817217218,81.48445709196756
32.624803161940974,94.03722059287225,71.13270410537764
35.61964142045405,98.04380502982352,55.61722021682633
36.2675537618642,87.26285452842836,79.19228934575203
35.827598194903,83.70592749495745,63.31855914461006
34.62942468224458,82.16393104484224,88.73297776217545
34.74035860053315,75.25232557967998,80.80048065714648
35.087622943958216,105.42155347455243,65.52678104341248
34.70599599674302,81.72593725708738,82.81016361735112
36.92775823358982,88.34059782310672,70.67855510527403
39.4210460031827,87.92390025083309,78.52773675122219
33.88501642998433,92.30555023356825,74.84732817294474
32.260394040841845,96.11802909404473,61.536433450091266
34.823435903297494,96.45355116269809,63.56450167682538
40.159418675308636,85.62691921073296,80.29960817581161
33.39265086406054,88.74658714660191,66.65224667893459
38.27823361088814,92.11934962866225,65.96351536758003
38.35540162815288,88.1348165536234,60.44877420650647
33.89282351658401,102.05509182014994,74.23599065593461
36.13796615837055,93.68231213728689,90.62524919243145
38.256793246257075,95.51158339537363,59.32467085745727
34.24174451802502,94.9716095150056,70.24219456672758
34.59283927979528,98.80105393113993,84.12220555415429
33.83663817210271,91.35766169027781,69.20358608754285
32.97048653861427,80.27376039033115,74.52371796249734
33.70144490986799,92.99765963814482,59.376064718531204
32.55211946647549,85.11482329656128,74.28307097207649
35.06816693651845,86.03537488687681,68.12855734995452
33.460053537882715,94.3977301406632,79.85729995679863
35.467571823581494,99.28712303575227,81.87386051564751
31.888208707592746,90.15953682552046,95.89563642018614
35.661760464428916,92.31624759449224,75.79633173213576
36.66705792321785,102.76661208476429,73.25796316582166
31.01252871485709,91.80564884616426,71.94384301577335
35.74811313969514,109.51262335635296,66.46833707189312
37.45533798494658,94.24132234223659,73.38483843461691
32.58071796261759,76.79427930633138,67.0459858986097
38.34514477367541,95.650062158284,71.68460976269614
35.83803801873209,92.85868788662083,83.17597535607959
33.589976288483186,99.6731456556206,59.934574347203586
34.888461844684585,95.04886013452469,81.39878561129045
36.11665382504344,88.9615801201217,83.17115067339866
35.152010782824824,80.81776322782976,68.81931473008922
36.07751198489274,88.4323255703548,48.78145100991405
33.158652813841265,83.62109659343025,63.921780129055676
35.33872164807216,85.64607412646458,82.96994546561109
32.17257100619004,94.41433803315458,69.77131937701118
34.7775478773026,102.52428378263555,60.00697767705089
33.19218471707042,92.96003647367236,64.95225078771783
33.528940114820465,81.03087703473611,78.40620026504553
37.47218635042088,93.33452001165105,75.4673356820138
37.18262024118854,98.97473614984239,67.61067900830305
36.21827624181435,85.42662821760463,66.33175588185313
32.815374470654845,88.9948712499531,66.08241850956178
34.3671831006104,90.11016146046899,60.77589815501497
37.42619539995837,84.11326265188319,86.15375689469442
35.28343382727981,94.86210325382895,66.7767953078866
39.63865907996339,89.09288888544164,82.17158520825497
35.78663567878874,93.14649332930271,85.21316051922452
35.384098232980065,83.34380866648425,79.9831089814796
34.381767071595,86.71906274757443,65.68379687281951
35.267081809564566,95.41786018370829,74.03730090336609
34.69506032723891,87.20375135931175,69.75804393609084
36.41621735337718,102.95222888425053,60.96298139269872
36.91340463358917,87.00272860789049,73.24359281721603
33.4280210789841,91.68513544313913,58.20960208840198
32.33753409288445,96.99443123904818,81.87679388461564
31.327589253793406,79.36225700300226,65.35382702701607
36.015982653825084,76.79393391014418,72.0115965587284
32.79326678765225,78.55757764072429,72.83287871546142
30.694218814095034,99.46938077570385,67.41095026295923
35.777157209061926,85.86106390580665,75.86693801475275
39.98599903486558,109.18649464251189,65.25096343377476
34.98785817692021,85.7681430100696,78.71297297457244
36.676981548903285,91.38413477397776,56.54020319753251
35.16365871709513,101.56582464425907,71.26379579546412
34.80222069361771,105.04569666119342,89.38928999058285
36.83815296597554,105.46127682477298,59.99668675394425
34.4194509116227,99.06274672944856,63.222550294751485
35.534784628143804,97.68046894358596,75.13907849658915
35.64339561239203,94.44395211900887,71.79581781939598
33.6638190927139,95.83770807124978,73.50630099273559
36.984084699073044,85.866107127536,74.89187130147664
34.650080486609184,83.8635083743327,76.3472146856177
33.488509681014314,89.97469156941786,81.09699841956223
36.07301968714081,88.72361533106303,74.09818656928513
33.20306403641793,86.60078963004543,67.58742345381458
35.05636231473826,95.22290585592536,76.72573701202731
34.98176200671159,97.16478906427882,88.99881934895215
37.171791131663156,90.66305164718885,68.67366253617426
35.949396465759904,101.08147560791447,60.254706953293585
34.94994608250971,81.4373316439987,81.07080669286972
36.63553259840057,88.54755405540212,68.79618836046401
37.780415098034624,84.62383259547896,48.27330453985964
36.11562061270372,76.00097537195205,78.47421677150422
35.02070523968676,89.37989485617976,64.64671814046078
32.37632753529968,89.08689368712537,69.0946671769584
32.869772673849255,101.35087307431598,73.31980330569014
34.389550591290664,94.73108763416084,71.90499679779066
33.78097559568143,82.31859881753095,77.09451817139039
34.62605739402911,103.90569424750642,65.64513629430157
35.11329984979422,99.15775271644016,75.13105798176083
36.05938550871346,94.36573277601461,67.40453322416083
34.85900244388182,88.30136925862627,77.38810480887503
35.9730032876524,82.8042057245739,76.15367484013053
35.12894882962024,87.20844917946711,60.645612979554045
31.049066867292257,98.16561464778138,80.85982116175032
33.12132921236249,104.13439729450957,64.64036554885952
34.71182488855677,101.57432646204141,78.08057798281145
32.58061051431778,86.33362933660294,73.6728731340134
36.19985745999241,81.60286925033242,88.38183676795123
38.0615016646874,91.05664685183403,67.76534017628148
37.43752370339463,76.73670475827862,66.50683203881802
34.57311425813958,92.42375785638586,69.80580394112268
37.9814522736999,88.89298060275999,66.96820217165724
35.297334914404225,86.50472623598819,77.9994190194205
34.32582805776392,78.03972699549904,53.83689391563412
33.77319467291812,93.85200079927287,59.46317580853646
34.395060627023746,86.00474370253566,59.32197078420807
34.22364636291754,81.22562373217283,79.50307591973575
35.34083244475097,68.45803340038763,87.10613372581925
35.32114796209973,89.79363821212023,68.95550781462528
35.00609204030683,103.29188697502308,68.31178276809989
35.873876339492696,102.45944410910903,70.70052163113182
37.381292549572684,86.57177807560296,81.6187830260819
36.89910827088265,85.48340954728664,60.72646865809426
32.03020406310019,93.51580692056268,72.38368982734785
29.89215773019609,82.51210920608781,79.7519762978243
36.86863982247855,92.263439248646,75.01094169939846
32.26624260316916,95.74560208788517,71.89581616598744
34.550469196214635,99.20199917913232,80.01046092567141
32.659773947881284,89.24884442640035,42.967677070007625
31.39603912483996,88.47244687367275,76.77875319530908
36.082925456409576,83.41513059932578,63.45924316872576
36.518310320605295,83.79839734470104,51.69367103143543
33.84697919854656,88.30140831073855,75.11202599524981
29.817915415710182,92.75524130112133,83.73658545162958
33.90751110349503,96.85188469674938,68.62551485372308
35.7836080108051,83.97615786989742,79.52874547202939
32.04217686245174,101.1951642671964,86.12278257988646
35.366719839558314,87.96657299218073,83.14914453584048
34.969380301654006,89.83974529238672,86.39964529371393
36.158582999202174,84.39591240639132,77.42127491071892
35.2391607368283,71.81819804795293,70.75433638901593
33.053862118236886,96.63034047270787,53.980341881028316
37.39314300332898,95.52632922819325,67.53937511870052
34.68294085394606,87.89004332161339,61.567534046838084
34.94539092098014,90.50243037918653,91.70942717497815
33.13346408185361,93.86954413278075,68.24114187567663
34.113435497616976,78.28090607335092,71.23204806784486
33.2303945719462,86.03210491990279,75.51485376040468
34.654107880153155,95.95698509716371,70.43602446372454
38.42341696028468,80.59282932623063,86.95051040430752
32.256197714137286,92.20168449124972,63.77350638265548
31.77287720424652,79.82563646532446,71.94607455237242
37.94234065498722,93.49822486825144,62.57529414301952
34.58135264569627,89.73268888276887,56.79977488779294
33.661854522680166,77.88651138070867,63.882309090947146
37.079809374792156,98.73554515842878,69.62963202951588
33.78876892052627,84.49056317401464,65.7069777548274
38.652019427093876,83.92310672239215,63.07579020126144
36.35585174267854,91.50426897923208,55.93682536328166
34.024177183708595,98.61478012071537,69.16894427371305
39.314616426531,82.38133635766202,54.952796259689975
33.78857015399333,90.46259887385978,77.60055963689602
36.48419074401861,93.21612375247929,70.82439752934503
35.59858516081298,95.19829205447358,55.4244850053507
37.603482578797596,91.3233116645792,66.90790922950137
38.1230223934537,87.24729120687509,62.478435944094166
35.06400829813153,83.7930733451346,73.19174510419181
33.49316425930763,90.64607912284781,83.40450446023145
35.91994428587823,81.95895741010794,51.248275303542556
33.644569260495786,68.08987137379044,71.15026079147417
39.026774495053246,93.2741985311825,68.3986720443336
35.27307066216547,96.77951130814647,76.71340076450466
34.26935689737578,72.27800673343621,72.1319662823769
35.36936061172982,82.42701971467547,62.48030668261181
32.305747420940605,94.643656957539,66.80946064333382
33.0567719229787,105.43121602283773,62.03974143196511
37.40082781588885,90.15595280756555,80.76007138598598
33.68621144205721,84.5399779407815,70.21311648671943
